{
    "lumi16":35917.213466,
    "lumi17only":41521.427777,
    "lumi17":137131.33,
    "lumi18":59692.687741,
    "XSECS":{
	"GJetsHT100-200": 5000,
	"GJetsHT200-400": 1079,
	"GJetsHT400-600": 125.9,
	"GJetsHT600-Inf": 43.36,
	"DiPhotonJets-MGG-80toInf": 117.6,
	"GJetPt20to40DoubleEMEnriched-MGG80toInf": 232.8,
	"GJetPt40toInfDoubleEMEnriched-MGG80toInf": 872.8,
	"QCDHT700to1000": 6831,
	"QCDHT1000to1500": 1207,
	"QCDHT1500to2000": 119.9,
	"QCDHT2000toInf": 25.24,
	"ggH-HtoBB": 25.579,
	"VBF-HtoBB": 2.182,
	"WminusH-HToBB-WtoQQ": 0.21,
	"WplusH-HToBB-WtoQQ": 0.33,
	"ZH-HtoBB-ZtoQQ": 0.31,
	"ggZH-HtoBB-ZtoQQ": 0.05,
	"ttH-HtoBB": 0.295,
	"TTTo2L2Nu": 92.23,
        "TTToSemiLeptonic": 369.5,
        "TTToHadronic": 370,
	"HHbbgg-cHH1": 0.000041,
	"NMSSM-XToYHTo2g2b-MX-1200MY10": 1e-3,
	"NMSSM-XToYHTo2g2b-MX-1200MY20": 1e-3,
	"NMSSM-XToYHTo2g2b-MX-1200MY40": 1e-3,
	"NMSSM-XToYHTo2g2b-MX-1200MY60": 1e-3,
	"NMSSM-XToYHTo2g2b-MX-1200MY125": 1e-3,
        "NMSSM-XToYHTo2g2b-MX-1200MY250": 1e-3,
	"NMSSM-XToYHTo2g2b-MX-1200MY300": 1e-3,
	"NMSSM-XToYHTo2g2b-MX-1200MY400": 1e-3,
	"NMSSM-XToYHTo2g2b-MX-2000MY5": 1e-3,
	"NMSSM-XToYHTo2g2b-MX-2000MY10": 1e-3,
	"NMSSM-XToYHTo2g2b-MX-2000MY20": 1e-3
    },
    "CUTS":{
        "XbbvsQCD": 0.8,
	"deepFlavB": 0.3040
    }
}
